,imdb_id,imdb_metascore,title
11472,tt0463998,64.0,Freedom Writers
11497,tt0462229,33.0,Code Name: The Cleaner
11498,tt0775539,44.0,Stomp the Yard
11519,tt0772193,35.0,Primeval
11521,tt0455960,28.0,The Hitcher
11537,tt0398808,74.0,Bridge to Terabithia
11547,tt0473308,75.0,Waitress
11556,tt0397044,33.0,Blood and Chocolate
11557,tt0799949,17.0,Epic Movie
11558,tt0425430,34.0,The Messengers
11559,tt0490084,26.0,Because I Said So
11560,tt0367959,35.0,Hannibal Rising
11561,tt0477051,27.0,Norbit
11567,tt0382932,96.0,Ratatouille
11592,tt0259324,35.0,Ghost Rider
11593,tt0401997,74.0,Breach
11594,tt0778661,49.0,Daddy's Little Girls
11595,tt0758766,59.0,Music and Lyrics
11596,tt0481369,n/a,The Number 23
11597,tt0499554,47.0,Reno 911!: Miami
11617,tt0425112,81.0,Hot Fuzz
11634,tt0435705,42.0,Next
11637,tt0301555,72.0,God Grew Tired of Us
11646,tt0443706,78.0,Zodiac
11650,tt0496436,n/a,White Noise 2: The Light
11652,tt0486946,27.0,Wild Hogs
11668,tt0768212,59.0,The Last Mimzy
11676,tt0416508,55.0,Becoming Jane
11683,tt0770772,49.0,I Think I Love My Wife
11688,tt0477071,29.0,Premonition
11689,tt0455760,34.0,Dead Silence
11690,tt0490204,61.0,Reign Over Me
11691,tt0475355,55.0,Pride
11692,tt0822854,53.0,Shooter
11693,tt0800069,32.0,The Hills Have Eyes 2
11694,tt0453556,41.0,TMNT
11713,tt0459605,69.0,Eklavya: The Royal Guard
11720,tt0427470,73.0,The Lookout
11721,tt0445934,64.0,Blades of Glory
11724,tt0422774,36.0,Are We Done Yet?
11725,tt0444682,36.0,The Reaping
11726,tt0476995,43.0,Firehouse Dog
11727,tt0396555,61.0,Meet the Robinsons
11732,tt0448134,64.0,Sunshine
11745,tt0457433,31.0,Perfect Stranger
11746,tt0486822,62.0,Disturbia
11747,tt0446013,29.0,Pathfinder
11748,tt0455326,54.0,Aqua Teen Hunger Force Colon Movie Film for Theaters
11754,tt0780595,24.0,Redline
11758,tt0450188,66.0,La Vie en Rose
11763,tt0488120,68.0,Fracture
11768,tt0452702,54.0,Vacancy
11771,tt0419843,47.0,In the Land of Women
11774,tt0453451,56.0,Mr. Bean's Holiday
11777,tt0435670,36.0,The Invisible
11778,tt0772178,18.0,Kickin' It Old Skool
11779,tt0443473,23.0,The Condemned
11780,tt0413300,59.0,Spider-Man 3
11781,tt0338216,49.0,Lucky You
11793,tt0756729,70.0,Year of the Dog
11811,tt0478311,85.0,Knocked Up
11812,tt0427327,81.0,Hairspray
11815,tt0463854,78.0,28 Weeks Later
11816,tt0791304,25.0,Georgia Rule
11817,tt0800003,17.0,Delta Farce
11825,tt0413267,58.0,Shrek the Third
11826,tt0907657,88.0,Once
11827,tt0449088,50.0,Pirates of the Caribbean: At World's End
11829,tt0780571,45.0,Mr. Brooks
11830,tt0389328,n/a,Rise: Blood Hunter
11831,tt0441007,52.0,Gracie
11836,tt0874423,63.0,Zoo
11839,tt0494222,55.0,Eagle vs Shark
11840,tt0411061,17.0,88 Minutes
11845,tt0496806,62.0,Ocean's Thirteen
11858,tt0498353,46.0,Hostel: Part II
11860,tt0842929,83.0,Paranoid Park
11863,tt0423294,64.0,Surf's Up
11864,tt0486576,45.0,Fantastic 4: Rise of the Silver Surfer
11865,tt0479500,53.0,Nancy Drew
11869,tt1028528,n/a,Death Proof
11886,tt0989000,64.0,In Search of a Midnight Kiss
11905,tt0473360,n/a,Goal! II: Living the Dream
11909,tt0446055,n/a,The Trials Of Darryl Hunt
11911,tt0386032,74.0,Sicko
11916,tt0829459,74.0,A Mighty Heart
11917,tt0450385,64.0,1408
11918,tt0795368,67.0,Death at a Funeral
11919,tt0432264,50.0,Clubland
11921,tt0337978,69.0,Live Free or Die Hard
11922,tt0762114,25.0,License to Wed
11923,tt0765447,45.0,Evening
11924,tt0413099,37.0,Evan Almighty
11925,tt0418279,61.0,Transformers
11926,tt0374563,24.0,Captivity
11927,tt0373889,71.0,Harry Potter and the Order of the Phoenix
11928,tt0762107,37.0,I Now Pronounce You Chuck & Larry
11934,tt0837106,n/a,Arn: The Knight Templar
11942,tt0445922,56.0,Across the Universe
11943,tt0772157,61.0,Broken English
11944,tt0443455,79.0,Brand Upon the Brain! A Remembrance in 12 Chapters
11951,tt0796314,n/a,A Dog's Breakfast
11954,tt0787475,43.0,Hot Rod
11955,tt0486655,66.0,Stardust
11957,tt0785077,18.0,Who's Your Caddy?
11959,tt0462538,80.0,The Simpsons Movie
11960,tt0897361,16.0,I Know Who Killed Me
11961,tt0481141,50.0,No Reservations
11962,tt0467110,37.0,Underdog
11965,tt0440963,85.0,The Bourne Ultimatum
11966,tt0804452,21.0,Bratz
11970,tt0796375,64.0,You Kill Me
11975,tt0890882,n/a,Man's Job
11985,tt0829482,76.0,Superbad
11986,tt0488508,64.0,Arctic Tale
11987,tt0808331,69.0,Joshua
11988,tt0796368,69.0,Talk to Me
11997,tt0416185,55.0,Resurrecting the Champ
11998,tt0825225,n/a,American Pastime
12000,tt0796335,59.0,Moliere
12001,tt0293564,44.0,Rush Hour 3
12003,tt0462396,37.0,The Last Legion
12007,tt0424823,38.0,Balls of Fury
12008,tt0815244,45.0,Sydney White
12009,tt0431197,56.0,The Kingdom
12010,tt0486051,52.0,Wind Chill
12011,tt0477078,73.0,Rocket Science
12013,tt0462244,13.0,Daddy Day Camp
12014,tt0427392,45.0,The Invasion
12015,tt0499556,36.0,War
12016,tt0775488,40.0,Illegal Tender
12017,tt0489237,46.0,The Nanny Diaries
12018,tt0473700,25.0,September Dawn
12019,tt0373883,47.0,Halloween
12020,tt0804461,36.0,Death Sentence
12021,tt0841044,67.0,2 Days in Paris
12027,tt0923752,83.0,The King of Kong
12029,tt0804540,n/a,Taxi 4
12032,tt0784972,32.0,The Brothers Solomon
12034,tt0810988,52.0,The Nines
12036,tt0792965,n/a,Hunting and Gathering
12038,tt0484111,49.0,The Good Night
12041,tt1077258,n/a,Planet Terror
12042,tt0381849,76.0,3:10 to Yuma
12043,tt0465602,49.0,Shoot 'Em Up
12044,tt0811106,50.0,The Ten
12049,tt0783233,85.0,Atonement
12051,tt1093842,84.0,My Winnipeg
12053,tt1032846,97.0,"4 Months, 3 Weeks and 2 Days"
12054,tt0912593,89.0,No End in Sight
12057,tt0476964,56.0,The Brave One
12058,tt0478134,65.0,In the Valley of Elah
12060,tt0466839,n/a,I Could Never Be Your Woman
12062,tt0465436,56.0,December Boys
12063,tt0469184,n/a,Shanghai Kiss
12064,tt0455782,54.0,The Hunting Party
12065,tt0765443,82.0,Eastern Promises
12068,tt0283503,53.0,Brooklyn Rules
12069,tt0492499,75.0,An Unreasonable Man
12072,tt0925248,84.0,In the Shadow of the Moon
12075,tt0770806,n/a,The Contractor
12076,tt0480269,64.0,Interview
12077,tt0473188,n/a,The Death and Life of Bobby Z
12080,tt0432021,41.0,Resident Evil: Extinction
12081,tt0419984,41.0,Mr. Woodcock
12082,tt0452625,19.0,Good Luck Chuck
12083,tt0758758,73.0,Into the Wild
12084,tt0492956,44.0,The Game Plan
12085,tt0808357,61.0,"Lust, Caution"
12086,tt0800027,51.0,Feast of Love
12087,tt0486640,22.0,Postal
12088,tt0484562,38.0,The Seeker: The Dark Is Rising
12089,tt0408839,46.0,The Heartbreak Kid
12090,tt0480242,65.0,Dan in Real Life
12091,tt0838221,67.0,The Darjeeling Limited
12092,tt0498399,59.0,We Own the Night
12093,tt0414055,45.0,Elizabeth: The Golden Age
12094,tt0465538,82.0,Michael Clayton
12095,tt0857265,49.0,Sleuth
12096,tt0805564,70.0,Lars and the Real Girl
12097,tt0389722,53.0,30 Days of Night
12098,tt0804522,55.0,Rendition
12099,tt0469623,63.0,Things We Lost in the Fire
12100,tt0831884,46.0,Reservation Road
12101,tt0452623,72.0,Gone Baby Gone
12102,tt0790804,25.0,The Comebacks
12103,tt0758798,n/a,Weirdsville
12107,tt0480011,n/a,Straightheads
12109,tt0443680,68.0,The Assassination of Jesse James by the Coward Robert Ford
12114,tt0758732,n/a,Beaufort
12116,tt0756672,n/a,The Killing Floor
12117,tt0762110,55.0,Irina Palm
12118,tt0464061,36.0,I'm Reed Fish
12120,tt0449018,43.0,The Final Season
12121,tt0808417,90.0,Persepolis
12122,tt0421082,78.0,Control
12123,tt0866437,61.0,The Jane Austen Book Club
12129,tt0765451,60.0,Fugitive Pieces
12130,tt0758771,45.0,Outlaw
12133,tt0494834,39.0,Silk
12137,tt0961117,n/a,Manufacturing Dissent
12139,tt0880502,85.0,The Edge of Heaven
12140,tt0906108,54.0,Why Did I Get Married?
12141,tt0890870,36.0,Saw IV
12143,tt0912583,73.0,For the Bible Tells Me So
12148,tt0446752,33.0,Full of It
12152,tt0912592,74.0,My Kid Could Paint That
12154,tt0817225,84.0,Secret Sunshine
12156,tt0861739,33.0,Elite Squad
12158,tt0388182,63.0,King of California
12159,tt0415965,48.0,Martian Child
12160,tt0780583,n/a,Flight of the Living Dead: Outbreak on a Plane
12165,tt0765429,76.0,American Gangster
12166,tt0389790,54.0,Bee Movie
12168,tt0292963,84.0,Before the Devil Knows You're Dead
12169,tt0401383,92.0,The Diving Bell and the Butterfly
12170,tt0477348,91.0,No Country for Old Men
12173,tt0496328,n/a,Itty Bitty Titty Committee
12174,tt0790706,69.0,Crazy Love
12177,tt0426931,38.0,August Rush
12181,tt0445336,81.0,"You, the Living"
12182,tt0756683,n/a,The Man from Earth
12185,tt0891527,47.0,Lions for Lambs
12186,tt0486583,42.0,Fred Claus
12187,tt0442933,59.0,Beowulf
12188,tt0457419,48.0,Mr. Magorium's Wonder Emporium
12189,tt0484740,43.0,Love in the Time of Cholera
12197,tt0822849,44.0,Rails & Ties
12198,tt0988102,66.0,Darfur Now
12202,tt0878695,n/a,Murder Party
12203,tt0780608,71.0,Smiley Face
12204,tt0488478,72.0,12
12205,tt0995829,67.0,XXY
12207,tt1135489,n/a,Endgame: Blueprint for Global Enslavement
12209,tt0884328,58.0,The Mist
12210,tt0461770,75.0,Enchanted
12211,tt0465494,35.0,Hitman
12212,tt0937375,63.0,This Christmas
12213,tt0804516,37.0,P2
12214,tt1024943,n/a,Om Shanti Om
12215,tt0211933,33.0,Awake
12216,tt0385752,51.0,The Golden Compass
12217,tt0480249,65.0,I Am Legend
12218,tt0952640,39.0,Alvin and the Chipmunks
12219,tt0471711,n/a,Futurama: Bender's Big Score
12221,tt0757361,66.0,Margot at the Wedding
12222,tt0368794,73.0,I'm Not There.
12226,tt0775529,85.0,The Savages
12227,tt0804555,n/a,Wrong Turn 2: Dead End
12228,tt0464141,74.0,The Orphanage
12230,tt0467406,81.0,Juno
12231,tt0438859,n/a,Goodbye Bafana
12234,tt0765120,52.0,My Blueberry Nights
12243,tt0758784,78.0,Starting Out in the Evening
12244,tt0937237,52.0,Redacted
12246,tt0912580,78.0,The Devil Came on Horseback
12250,tt0847817,n/a,Helvetica
12253,tt1029172,n/a,The War on Democracy
12254,tt0825232,42.0,The Bucket List
12255,tt0977649,n/a,Fall from Grace
12257,tt0419887,61.0,The Kite Runner
12261,tt0810823,n/a,The Deaths of Ian Stone
12265,tt0489664,n/a,Butterfly on a Wheel
12267,tt0479289,69.0,The Go-Getter
12270,tt0473356,n/a,The Flock
12277,tt0408236,83.0,Sweeney Todd: The Demon Barber of Fleet Street
12278,tt0465234,48.0,National Treasure: Book of Secrets
12280,tt0469494,93.0,There Will Be Blood
12282,tt0472062,69.0,Charlie Wilson's War
12284,tt0758730,29.0,Aliens vs Predator: Requiem
12285,tt0841046,63.0,Walk Hard: The Dewey Cox Story
12288,tt0960790,n/a,Rabbit Without Ears
12292,tt0427309,65.0,The Great Debaters
12294,tt0490579,50.0,Dedication
12295,tt0760329,71.0,The Water Horse
12296,tt0991178,n/a,Battlestar Galactica: Razor
12298,tt0431308,39.0,P.S. I Love You
12299,tt0841032,32.0,The Perfect Holiday
12303,tt0893356,76.0,Nanking
12311,tt0795493,49.0,Cassandra's Dream
12314,tt0986264,n/a,Taare Zameen Par
12316,tt0372873,33.0,Dragon Wars: D-War
12318,tt1032856,80.0,The Band's Visit
12319,tt0492463,75.0,In Between Days
12320,tt1038988,69.0,[REC]
12324,tt0460780,15.0,In the Name of the King: A Dungeon Siege Tale
12325,tt0780516,57.0,Flawless
12331,tt0399095,42.0,Trade
12332,tt0896798,49.0,Cleaner
12335,tt0887719,n/a,Blonde Ambition
12337,tt0857295,n/a,Timber Falls
12339,tt0848542,n/a,Arranged
12340,tt0760311,53.0,He Was a Quiet Man
12351,tt0837803,n/a,Sex and Breakfast
12364,tt0780607,63.0,The Signal
12379,tt0825236,70.0,Caramel
12380,tt0816616,n/a,Poor Boy's Game
12381,tt0970184,n/a,Operation Homecoming: Writing the Wartime Experience
12382,tt0901507,n/a,Rise of the Footsoldier
12383,tt0800099,79.0,Joe Strummer: The Future Is Unwritten
12389,tt0780622,57.0,Teeth
12397,tt0780486,n/a,Blue State
12398,tt0892375,83.0,U2 3D
12406,tt0807054,n/a,It's a Free World...
12407,tt0937347,n/a,Already Dead
12411,tt0485851,37.0,The Air I Breathe
12422,tt0826547,72.0,Great World of Sound
12426,tt0425413,48.0,"Run, Fatboy, Run"
12429,tt1097256,n/a,Please Vote for Me
12430,tt0854678,82.0,Taxi to the Dark Side
12434,tt0772168,65.0,Grace is Gone
12439,tt0463027,45.0,Descent
12445,tt0808279,44.0,Funny Games
12446,tt0813547,78.0,The Counterfeiters
12447,tt0416044,74.0,Mongol: The Rise of Genghis Khan
12448,tt0912599,68.0,War Dance
12451,tt0848557,66.0,Diary of the Dead
12452,tt0466816,62.0,Hallam Foe
12454,tt0870090,63.0,City of Men
12455,tt0905979,69.0,Chicago 10
12456,tt0462023,57.0,"Romulus, My Father"
12458,tt1166827,n/a,Zeitgeist
12460,tt0807721,67.0,Jellyfish
12464,tt0455805,56.0,Then She Found Me
12466,tt1094594,n/a,Sigur Rós: Heima
12470,tt0918557,n/a,Saving Sarah Cain
12474,tt0804505,65.0,Married Life
12475,tt0878652,n/a,Believers
12480,tt0988108,n/a,The Class
12485,tt0914382,n/a,Quiet City
12489,tt0814130,57.0,The Hammer
12491,tt1032854,75.0,Terror's Advocate
12492,tt1002540,72.0,9 Star Hotel
12499,tt0499570,47.0,Slipstream
12506,tt0481797,43.0,Youth Without Youth
12511,tt0412808,48.0,The Hawk Is Dying
12516,tt0881200,n/a,Assembly
12523,tt0416675,49.0,Dark Matter
12526,tt0454065,n/a,The Aerial
12530,tt0758053,44.0,Saawariya
12534,tt0482901,n/a,The Pope's Toilet
12535,tt0856288,n/a,Inside
12538,tt1097239,n/a,Joy Division
12539,tt0912590,71.0,Manda Bala (Send a Bullet)
12541,tt0497972,24.0,Sex and Death 101
12544,tt0857191,79.0,The Visitor
12546,tt0875113,n/a,99 francs
12549,tt0857376,n/a,Gabriel
12552,tt0488988,32.0,Chapter 27
12556,tt0815178,38.0,The Life Before Her Eyes
12559,tt0437954,n/a,Virgin Territory
12562,tt0892899,n/a,Outpost
12566,tt0845046,66.0,Son of Rambow
12567,tt1111833,n/a,Super High Me
12593,tt0497323,43.0,Anamorph
12597,tt0826711,86.0,Flight of the Red Balloon
12600,tt0907680,n/a,Walk All Over Me
12602,tt0790623,30.0,Meet Bill
12603,tt0802948,n/a,An American Crime
12605,tt1080695,n/a,White Night
12606,tt0974959,n/a,American Pie Presents: Beta House
12607,tt0795439,n/a,Numb
12618,tt0942384,66.0,Shelter
12622,tt0808486,n/a,The Year of the Wolf
12623,tt0830558,29.0,The Girl Next Door
12624,tt1112115,70.0,King Corn
12626,tt0762104,27.0,How to Rob a Bank
12637,tt0487273,75.0,The Witnesses
12640,tt0427998,57.0,The Grand
12643,tt0379976,51.0,Savage Grace
12649,tt0939681,60.0,What Would Jesus Buy?
12654,tt0812243,36.0,Ex Drummer
12655,tt0495040,n/a,The Art of Crying
12678,tt0829098,n/a,When Did You Last See Your Father?
12679,tt0846040,71.0,My Brother Is an Only Child
12680,tt0758786,61.0,Stuck
12692,tt0464907,n/a,The Boys & Girls Guide to Getting Down
12693,tt1078188,75.0,Boy A
12696,tt0913968,70.0,The Warlords
12697,tt0491162,40.0,Spiral
12698,tt0415856,31.0,Hounddog
12707,tt0433350,56.0,Boy Culture
12714,tt0913445,39.0,Young People Fucking
12715,tt0940585,61.0,Brick Lane
12716,tt0479547,72.0,Surfwise
12718,tt0964587,39.0,St. Trinian's
12720,tt0889652,71.0,Crossed Tracks
12745,tt1114277,84.0,Up the Yangtze
12753,tt1093824,80.0,Encounters at the End of the World
12762,tt0911010,n/a,White Light/Black Rain: The Destruction of Hiroshima and Nagasaki
12765,tt0870211,65.0,Battle For Haditha
12766,tt1034427,85.0,Alexandra
12769,tt0909388,n/a,Ganes
12772,tt0816545,62.0,Kabluey
12773,tt0847897,57.0,The Stone Angel
12774,tt0829193,68.0,Honeydripper
12779,tt0479528,n/a,Rogue
12781,tt0822858,n/a,Sublime
12787,tt0879843,81.0,Katyn
12793,tt0472071,48.0,Death Defying Acts
12794,tt0869977,65.0,Water Lilies
12795,tt0492486,n/a,Shrooms
12798,tt0901475,n/a,Breath
12799,tt1024942,69.0,Just Another Love Story
12800,tt0478394,n/a,The Substitute
12803,tt0765141,68.0,Heartbeat Detector
12804,tt0462295,35.0,Flakes
12807,tt0444672,n/a,Moving McAllister
12809,tt0422783,53.0,Music Within
12812,tt0437526,78.0,The Last Mistress
12813,tt0913958,58.0,Jimmy Carter Man from Plains
12820,tt1045889,69.0,Steal a Pencil for Me
12821,tt0952682,76.0,Shotgun Stories
12822,tt0472205,n/a,Watching the Detectives
12823,tt1086340,65.0,Mr. Untouchable
12837,tt0949489,58.0,Lost in Beijing
12840,tt0801526,54.0,The Tracey Fragments
12842,tt1039652,n/a,The Zone
12863,tt0783608,51.0,The Walker
12869,tt0804552,n/a,WΔZ
12870,tt0841925,79.0,Silent Light
12871,tt0828158,67.0,The Take
12872,tt0488535,62.0,Expired
12877,tt1002535,n/a,Bomb It
12878,tt1127347,n/a,Still Life
12882,tt0810900,n/a,High School Musical 2
12887,tt0809425,n/a,In the City of Sylvia
12899,tt0901485,73.0,A Girl Cut in Two
12901,tt0889671,71.0,Trumbo
12904,tt0906665,55.0,Sukiyaki Western Django
12905,tt0765430,n/a,American Zombie
12907,tt0827782,n/a,Return to House on Haunted Hill
12920,tt0804507,52.0,The Mother of Tears
12928,tt0790657,26.0,Everybody Wants to Be Italian
12930,tt0490234,72.0,A Secret
12931,tt1020936,68.0,August Evening
12932,tt0992911,38.0,Flash Point
12935,tt0791178,n/a,The Jammed
12943,tt0815457,n/a,Thieves
12946,tt0859760,61.0,To Rob a Thief
12951,tt0459102,n/a,Import/Export
12954,tt0482528,n/a,Jam
12981,tt0782867,n/a,The Secrets
13002,tt0841027,n/a,Magicians
13005,tt0481580,n/a,Autism: The Musical
13019,tt0488905,59.0,The Banishment
13021,tt0808230,n/a,Two Worlds
13040,tt0871427,n/a,Babylon 5: The Lost Tales - Voices in the Dark
13041,tt1152282,n/a,The Love of Siam
13050,tt0910812,n/a,Tin Man
13071,tt0456340,n/a,Chaotic Ana
13078,tt0850669,n/a,Slacker Uprising
13079,tt1016290,n/a,Crows Zero
13080,tt0933033,n/a,The Man Who Challenged the Devil
13086,tt0772176,n/a,Christmas Story
13102,tt0491109,n/a,Purple Violets
13104,tt0899137,n/a,The Blue Hour
13125,tt1016164,n/a,Confessions of a Superhero
13142,tt0837791,n/a,The Devil's Chair
13152,tt0897387,n/a,Shrek the Halls
13166,tt1068634,60.0,Body of War
13193,tt0990361,n/a,Room of Death
13195,tt1121794,n/a,Sword of the Stranger
13223,tt1241326,n/a,On the Rumba River
13226,tt1003116,81.0,Pete Seeger: The Power of Song
13227,tt0983213,n/a,5 Centimeters per Second
13236,tt0953318,n/a,Ben X
13238,tt0783601,n/a,Trainwreck: My Life as an Idiot
13251,tt0483756,28.0,Nobel Son
13259,tt0864770,n/a,The Grocer's Son
13271,tt0816539,46.0,Jack Brooks: Monster Slayer
13272,tt0847487,n/a,The Vanishing Point
13304,tt0850307,n/a,Liberty Kid
13306,tt0850253,54.0,Battle in Seattle
13310,tt0480669,68.0,Timecrimes
13312,tt0487419,83.0,The Secret of the Grain
13314,tt0350002,n/a,Punk's Not Dead
13330,tt0772200,56.0,Save Me
13353,tt1139618,n/a,Shadow of the Holy Book
13362,tt0393329,61.0,Go Go Tales
13397,tt0814685,44.0,Frontier(s)
13399,tt0492931,63.0,The 11th Hour
13413,tt0489235,36.0,My Name Is Bruce
13414,tt0489225,44.0,Man in the Chair
13419,tt0991167,55.0,Ping Pong Playa
13433,tt0783518,n/a,Flight of Fury
13437,tt0948532,n/a,Killer Babes
13442,tt0910934,n/a,Urban Justice
13456,tt0497316,n/a,Adrift in Manhattan
13470,tt0869152,n/a,They Wait
13471,tt0782154,n/a,The Rebel
13485,tt0488023,n/a,Out At The Wedding
13521,tt0465375,n/a,After Sex
13525,tt0493402,47.0,Boarding Gate
13526,tt0449573,n/a,California Dreamin'
13527,tt0825239,n/a,Counter Investigation
13529,tt0943326,n/a,Naked Fear
13535,tt0490086,n/a,Big Stan
13542,tt0478329,n/a,The Gray Man
13553,tt0418586,60.0,The Cake Eaters
13632,tt0462441,n/a,Amazing Journey: The Story of The Who
13639,tt1051245,79.0,Moving Midway
13658,tt0890883,n/a,Black Ice
13663,tt0393597,72.0,Earth
13687,tt0810945,n/a,Live!
13691,tt0996605,70.0,Love Songs
13696,tt0943512,n/a,How to Cook Your Life
13708,tt0920473,70.0,Shall We Kiss?
13714,tt0990404,83.0,Chop Shop
13718,tt0449471,n/a,Catacombs
13743,tt0475286,n/a,Graduation
13768,tt0870195,47.0,Before The Rains
13771,tt1024899,n/a,The Merry Widow
13792,tt0997147,62.0,Big Man Japan
13802,tt0492487,n/a,Small Town Gay Bar
13804,tt0962774,78.0,O'Horten
13808,tt0479519,n/a,Promise Me This
13823,tt0910847,51.0,Breakfast with Scot
13830,tt0808425,n/a,Pornorama
13831,tt1092007,n/a,Heavy Metal in Baghdad
13860,tt0489244,32.0,Night Of The Living Dead 3D
13896,tt0901481,35.0,Eichmann
13924,tt0829297,n/a,Ten Inch Hero
13991,tt0465461,n/a,Four Last Songs
13997,tt0913401,n/a,Kill Buljo
14000,tt0499456,n/a,Days of Darkness
14007,tt0923811,n/a,Evangelion: 1.0: You Are (Not) Alone
14053,tt0756703,36.0,Feel The Noise
14054,tt0831299,n/a,I Really Hate My Job
14079,tt0790590,n/a,Botched
14093,tt0973844,n/a,To Each His Own Cinema
14102,tt0823240,n/a,The Romance of Astrea and Celadon
14107,tt0847880,n/a,Cargo 200
14121,tt0466943,n/a,Randy & the Mob
14132,tt1000764,n/a,Louis Theroux: The Most Hated Family in America
14140,tt0790665,n/a,Flood
14154,tt1230164,n/a,Return of the Ghostbusters
14178,tt0858486,54.0,Battle for Terra
14192,tt1179904,68.0,Paranormal Activity
14228,tt0862856,n/a,Trick 'r Treat
14253,tt0881934,49.0,The Killing of John Lennon
14263,tt1093370,n/a,Jab We Met
14284,tt0459913,n/a,Georg
14340,tt0791268,64.0,You're Gonna Miss Me: A Film About Roky Erickson
14350,tt0465737,n/a,"Maradona, the Hand of God"
14435,tt0834941,n/a,A Plumm Summer
14443,tt0783598,n/a,Until Death
14458,tt0878674,n/a,Garage
14463,tt0803005,n/a,Hoop Reality
14505,tt1031947,n/a,Munyurangabo
14537,tt0419704,n/a,Donkey X
14544,tt0976026,n/a,Cheeni Kum
14553,tt0489070,n/a,Hard Luck
14564,tt0499375,70.0,Guru
14581,tt0790676,n/a,The Good Life
14596,tt0986213,n/a,Aaja Nachle
14612,tt0847167,n/a,The Girl in the Park
14615,tt0944114,n/a,The Matriarch
14623,tt0926110,n/a,Missionary Man
14624,tt0858433,n/a,Diamond Dogs
14628,tt0446083,n/a,10 MPH
14640,tt0946998,n/a,Dead Time
14660,tt0949815,n/a,Mr. Warmth: The Don Rickles Project
14670,tt0781435,74.0,Don't Touch the Axe
14705,tt0995029,n/a,Fighter
14714,tt0841108,63.0,Hannah Takes the Stairs
14723,tt0918511,n/a,A Dennis the Menace Christmas
14725,tt1149400,n/a,Note by Note: The Making of Steinway L1037
14726,tt1104694,n/a,Garbage Warrior
14755,tt0835456,n/a,Forgiven
14776,tt0804558,n/a,Zach Galifianakis: Live at the Purple Onion
14782,tt0969269,68.0,Mad Detective
14800,tt1530487,n/a,Escape from Suburbia: Beyond the American Dream
14838,tt0844330,n/a,Persuasion
14866,tt0796355,n/a,Rockaway
14879,tt1087842,n/a,Eden Log
14880,tt0497457,n/a,Trap
14882,tt1016301,n/a,Fermat's Room
14883,tt1094275,n/a,Under the Bombs
14914,tt0817544,n/a,Never Forever
14925,tt0920470,n/a,The Last Deadly Mission
14989,tt0486651,n/a,Dark Mirror
14996,tt0847520,n/a,Scar
15018,tt0844948,n/a,Varg Veum - Bitter Flowers
15046,tt0903622,n/a,Grim Reaper
15049,tt0783767,n/a,Angel
15050,tt1033467,n/a,American Drug War: The Last White Hope
15055,tt1422758,n/a,Steal This Film II
15066,tt1059817,n/a,Oh Happy Day
15070,tt0783515,50.0,The Education of Charlie Banks
15076,tt0810868,n/a,Reclaim Your Brain
15082,tt1153037,n/a,The Case for Christ
15097,tt1039647,n/a,The Union: The Business Behind Getting High
15106,tt0790721,n/a,Normal Adolescent Behavior
15121,tt0996435,n/a,Glory to the Filmmaker!
15221,tt1249414,75.0,Must Read After My Death
15227,tt0773318,n/a,Deficit
15264,tt0472562,57.0,Shake Hands With the Devil
15308,tt0905329,n/a,El Greco
15315,tt0995747,n/a,Mermaid
15316,tt0790612,n/a,Humble Pie
15329,tt0485272,n/a,Salaam-E-Ishq
15335,tt0887745,50.0,How About You...
15355,tt0993779,n/a,Ricky Gervais Live 3: Fame
15380,tt0974544,n/a,Coming Down The Mountain
15432,tt0806686,n/a,Yella
15464,tt0860866,n/a,Far North
15486,tt0478125,n/a,Creepshow 3
15492,tt0446750,n/a,Nightwatching
15529,tt1169158,n/a,Pearl Jam: Immagine in Cornice
15591,tt0479074,n/a,The Inner Life of Martin Frost
15606,tt0995739,n/a,Invisible Target
15648,tt0816436,n/a,Black Water
15711,tt1117523,n/a,Jackass 2.5
15782,tt0846017,n/a,Triangle
15825,tt0912586,n/a,Girl 27
15863,tt1010271,n/a,The Poughkeepsie Tapes
15887,tt0834102,49.0,Shadows
15928,tt0959282,71.0,To the Limit
15932,tt0834170,n/a,Autumn Ball
15937,tt1114690,n/a,Rooster's Breakfast
15942,tt1009014,n/a,J.C. Chavez
15952,tt0490117,n/a,Dreams on Spec
15953,tt0922522,n/a,IMAX Mummies Secrets Of The Pharohs
15954,tt1099932,n/a,Bianca Beauchamp: All Access
15971,tt0482358,n/a,The Early Years: Erik Nietzsche Part 1
15996,tt0479221,n/a,Under the Stars
16000,tt0452592,n/a,Borderland
16008,tt0497467,50.0,Vivere
16014,tt0435528,n/a,Whisper
16015,tt0928188,n/a,The Box
16093,tt0993778,n/a,Ploy
16136,tt0984159,n/a,Wedding Belles
16148,tt1048174,n/a,The World Unseen
16177,tt0769507,n/a,The Sun Also Rises
16232,tt0887732,69.0,Days and Clouds
16273,tt0378848,n/a,1944 The Final Defence
16276,tt1071798,n/a,Frozen
16289,tt1137481,n/a,Soo
16342,tt0452631,n/a,The Home Song Stories
16373,tt0892100,n/a,Steam
16396,tt1059955,n/a,The Pixar Story
16398,tt0841017,n/a,Cochochi
16406,tt0982939,n/a,Crown witness
16450,tt1010415,n/a,Lolita's Club
16452,tt0493417,n/a,Fool N Final
16496,tt1093382,n/a,Don't Think About It
16506,tt0489325,n/a,V2: Dead Angel
16531,tt0489212,37.0,The Living Wake
16550,tt0764639,32.0,Eight Miles High
16589,tt0770829,n/a,The Girl by the Lake
16726,tt1098226,n/a,Adrift in Tokyo
16728,tt0891457,n/a,Spider Lilies
16809,tt0488380,n/a,Closing the Ring
16815,tt0478126,41.0,Cthulhu
16825,tt0906326,n/a,Just Buried
16850,tt1016205,n/a,The Mourning Forest
16922,tt0775417,n/a,And Along Come Tourists
16983,tt0927619,n/a,Louis C.K.: Shameless
16999,tt0985636,n/a,Laaga Chunari Mein Daag - Journey of A Woman
17013,tt1157720,82.0,Stranded: I've Come from a Plane That Crashed on the Mountains
17015,tt1020972,60.0,Blind Mountain
17050,tt1139085,n/a,1612: Chronicles of the Dark Time
17078,tt0794350,n/a,I Just Didn't Do It
17091,tt0893397,n/a,Nora Roberts' Blue Smoke
17092,tt0860467,n/a,Nora Roberts' Montana Sky
17099,tt0840787,n/a,Nora Roberts' Carolina Moon
17100,tt0869921,n/a,Nora Roberts' Angels Fall
17104,tt1121964,n/a,"Rock, Paper, Scissors: The Way of the Tosser"
17113,tt0465407,54.0,Eye of the Dolphin
17114,tt0825248,61.0,Intimate Enemies
17135,tt0826817,n/a,Diary of a Cannibal
17172,tt0970935,n/a,Frownland
17179,tt0818108,n/a,Bis zum Ellenbogen
17182,tt0935086,n/a,All Is Forgiven
17216,tt1032207,67.0,Lynch
17261,tt0924165,59.0,A Very British Gangster
17306,tt0446802,n/a,"Have Dreams, Will Travel"
17328,tt0805613,n/a,Shoppen
17489,tt1091616,n/a,Exodus
17500,tt0447907,n/a,The Contestant
17557,tt1076251,n/a,"Help Me, Eros"
17580,tt0990427,n/a,The Debt
17699,tt0922642,n/a,Tooth and Nail
17707,tt0862892,n/a,Chill
17731,tt0938291,n/a,A Stranger's Heart
17769,tt1058027,n/a,The Milky Way
17797,tt1146298,n/a,Some Photos in the City of Sylvia
17803,tt0844794,n/a,Northanger Abbey
17843,tt0470737,46.0,The Dukes
17849,tt1043903,n/a,Clapham Junction
17861,tt0791309,n/a,I Want Candy
17879,tt0979263,n/a,The Trap: What Happened to Our Dream of Freedom
17888,tt1157732,n/a,Wrestling
17958,tt1829648,n/a,At Sea
18024,tt0443678,n/a,Unholy
18026,tt0800341,n/a,May 18
18051,tt0475243,n/a,Crashing
18056,tt0848577,n/a,Colorado Avenue
18067,tt0473464,n/a,Cherry Crush
18078,tt1016307,n/a,Glasses
18080,tt0815092,n/a,Actresses
18099,tt1010005,n/a,Election Day
18121,tt0758799,n/a,Whatever Lola wants
18186,tt1092285,n/a,Milky Way
18187,tt1079450,70.0,The Silence Before Bach
18342,tt0871510,68.0,Chak De! India
18430,tt0393956,58.0,Viva
18431,tt1056422,70.0,Fados
18532,tt0851430,n/a,My Boy Jack
18538,tt0960770,36.0,Holding Trevor
18556,tt0841182,n/a,Valerie
18561,tt1248976,n/a,Israeli Intelligence
18669,tt0875581,n/a,Darling
18702,tt0923869,67.0,United Red Army
18809,tt1021004,n/a,Egg
18810,tt0949861,n/a,Village People Radio Show
18868,tt0960749,n/a,Crazy Sexy Cancer
18870,tt1018820,n/a,Devil's Diary
18891,tt1051231,n/a,In The Hands Of The Gods
18927,tt0986323,n/a,Ciao Bella
19030,tt0934706,n/a,Superman: Doomsday
19090,tt0827729,n/a,Nina Frisk
19107,tt1024964,n/a,A Map For Saturday
19158,tt0996994,n/a,The War
19249,tt0400347,n/a,Decoys 2: Alien Seduction
19253,tt0889665,n/a,Steak
19366,tt1394174,n/a,Bigfoot Lives
19437,tt0847745,n/a,Manual of Love 2
19542,tt2034123,n/a,Tank on the Moon
19589,tt1029440,n/a,Madame Tutli-Putli
19628,tt1029340,n/a,Moebius Redux: A Life in Pictures
19680,tt0469966,n/a,Rolling
19724,tt0796302,35.0,The Babysitters
19738,tt0970965,n/a,Two Days In April
19760,tt0970472,n/a,Vexille
19781,tt1039646,n/a,H.P. Lovecraft's The Tomb
20023,tt0815165,n/a,The Gay Bed and Breakfast of Terror
20024,tt0780503,n/a,Dororo
20109,tt0938666,n/a,Holiday in Handcuffs
20143,tt0790618,36.0,Remember the Daze
20191,tt0881909,61.0,Dr. Bronner's Magic Soapbox
20222,tt0893346,n/a,Kiss the Bride
20249,tt0905345,n/a,Jesse Stone: Sea Change
20255,tt0834938,56.0,Padre nuestro
20291,tt0995033,n/a,Chicago Massacre: Richard Speck
20319,tt1003113,n/a,Black White + Gray: A Portrait of Sam Wagstaff and Robert Mapplethorpe
20348,tt0965382,n/a,Tom Petty and the Heartbreakers: Runnin' Down a Dream
20350,tt1223379,n/a,Sundome
20396,tt1141663,n/a,Chouga
20414,tt0902348,n/a,The Waiting Room
20415,tt0783581,n/a,Shadow People
20425,tt0497432,n/a,The Rage
20501,tt0901488,n/a,Eye in the Sky
20548,tt0996396,n/a,Fog City Mavericks
20630,tt1003118,58.0,Steep
20650,tt0497411,n/a,Miguel and William
20706,tt0855822,n/a,Huddersfield
20794,tt0903135,n/a,The Invincible Iron Man
20933,tt0978649,71.0,Bliss
20936,tt0795473,n/a,Spine Tingler! The William Castle Story
21030,tt1015246,57.0,War Made Easy: How Presidents & Pundits Keep Spinning Us to Death
21056,tt1124001,n/a,Vasermil
21087,tt0922354,n/a,After Him
21100,tt1006823,n/a,The Mugger
21186,tt0950740,n/a,A Grandpa for Christmas
21191,tt1124378,n/a,Epitaph
21198,tt0933877,n/a,Alive Day Memories: Home from Iraq
21214,tt0806940,n/a,Bad Girls
21283,tt1085362,n/a,An Angel Named Billy
21298,tt0970529,n/a,The Devil Dared Me To
21322,tt0929806,n/a,Whisper of Sin
21324,tt1047517,n/a,RFK Must Die The Assassination Of Bobby Kennedy
21332,tt1337599,n/a,Consuming Kids: The Commercialization of Childhood
21341,tt0450238,n/a,The All Together
21466,tt0760188,n/a,When Nietzsche Wept
21576,tt0475289,n/a,Hack!
21594,tt0490701,n/a,Spin
21602,tt0838231,n/a,Unfinished Sky
21618,tt1144805,n/a,King Lines
21637,tt0494224,n/a,End of the Line
21778,tt0882742,n/a,Alice Upside Down
21810,tt0810951,50.0,Look
21887,tt1094627,n/a,Buddha Collapsed Out of Shame
21937,tt0825244,n/a,Conversations with My Gardener
22007,tt0785012,n/a,In Tranzit
22039,tt0479879,n/a,Chasing Ghosts: Beyond the Arcade
22065,tt1092058,n/a,The Enemies of Reason
22112,tt0808265,n/a,The Ferryman
22135,tt0443570,n/a,Love Life
22151,tt0499456,n/a,Days of Darkness
22174,tt1017428,n/a,Captain Abu Raed
22223,tt0835378,n/a,Star Trek: Of Gods And Men
22318,tt0817307,n/a,The Sandlot: Heading Home
22369,tt0985680,n/a,Wonderful and Loved by All
22398,tt0465657,n/a,Highlander: The Search for Vengeance
22443,tt0446463,n/a,The Secret
22488,tt1024188,n/a,Summer of '62
22504,tt1279185,n/a,There's Only One Sun
22526,tt1094249,n/a,Hotel Chevalier
22544,tt0491145,n/a,Shadow Puppets
22589,tt0953404,n/a,Friends of God: A Road Trip with Alexandra Pelosi
22591,tt0985119,n/a,Zincirbozan
22768,tt0796232,n/a,Quest for a Heart
22807,tt1002581,n/a,Argentina latente
22828,tt0821638,n/a,Bury My Heart At Wounded Knee
22854,tt1134859,n/a,Your Friend the Rat
22859,tt0473697,n/a,Satanás - Profile of a Killer
22882,tt0841993,n/a,Apartment 1303
22916,tt0997184,n/a,A Gentle Breeze in the Village
22991,tt0974077,n/a,Cranford
22997,tt0480268,51.0,Blind Date
23024,tt1029161,n/a,Spider
23094,tt0896036,n/a,BloodRayne: Deliverance
23112,tt1091744,n/a,Bob Saget: That Ain't Right
23115,tt0792975,n/a,The Dinner Guest
23223,tt0906777,n/a,La Señal
23251,tt2637720,n/a,Ghost Adventures
23429,tt1009012,n/a,The Anna Nicole Smith Story
23514,tt1090360,n/a,Welcome to the Jungle
23551,tt0922617,n/a,Les toits de Paris
23586,tt1059898,n/a,Brooklyn Dodgers: The Ghosts of Flatbush
23633,tt0415141,n/a,Mama's Boy
23637,tt0899109,n/a,Joe's Palace
23651,tt0853153,n/a,Stuart: A Life Backwards
23720,tt1090665,n/a,Jonestown: Paradise Lost
23728,tt0775480,n/a,Hellphone
23759,tt0977642,n/a,The Ballroom
23779,tt1107807,n/a,The Detective
23836,tt1151833,n/a,Val Lewton: The Man in the Shadows
23910,tt1059238,n/a,Unborn in the USA: Inside the War on Abortion
23937,tt1033631,n/a,Six Days in June
23982,tt1029154,n/a,The Effect of Love
24023,tt0807707,n/a,Breakout
24036,tt0949770,n/a,The Red Elvis
24165,tt0780134,n/a,Heavyweights
24375,tt1087858,n/a,Amazon Jack 3: Jungo Goes Bananas
24402,tt0772172,n/a,The Chair
24543,tt0910865,n/a,Doctor Strange
24659,tt0800367,n/a,Storm Warning
24682,tt0795361,n/a,Cougar Club
24715,tt1151813,n/a,Dave Attell: Captain Miserable
24795,tt0479008,n/a,Dante's Inferno
24835,tt0462160,n/a,7eventy 5ive
24839,tt1037850,n/a,Secret
24903,tt1179773,n/a,Summer Days With Coo
24909,tt1077274,n/a,"Yobi, The Five-Tailed Fox"
25025,tt1078931,n/a,Sick Girl
25116,tt0871512,n/a,Disengagement
25138,tt0466766,n/a,Drive Thru
25148,tt0787462,n/a,Elvis and Anabelle
25312,tt1024842,n/a,Float
25356,tt0972785,n/a,Bring It On: In It To Win It
25357,tt1232784,n/a,Independents
25421,tt1782451,n/a,Good Copy Bad Copy
25437,tt0906325,n/a,Bag Boy
25471,tt1018877,n/a,Brutal
25570,tt1065106,n/a,Pigs
25623,tt0907119,n/a,Gloss
25705,tt0918628,n/a,Fishtales
25715,tt0985692,n/a,"Girl, Positive"
25785,tt1059793,n/a,Garfield Gets Real
25787,tt0975673,n/a,George Lopez: America's Mexican
25793,tt0460808,n/a,Ghost Son
25856,tt0836682,n/a,Nocturna
25873,tt1084002,n/a,Patton Oswalt: Werewolves and Lollipops
25941,tt0781332,n/a,The Nautical Chart
25982,tt0299981,n/a,Highlander V: The Source
25984,tt0758781,n/a,Seed
25995,tt0756648,n/a,The Fox & the Child
26018,tt0839880,n/a,Lake Dead
26019,tt1002567,n/a,Hansel & Gretel
26022,tt0475417,n/a,Unearthed
26045,tt0817228,n/a,The Tattooist
26069,tt1119194,n/a,The Perfect World of Kai
26124,tt0765487,n/a,The Wizard of Gore
26131,tt0949423,n/a,Hotel Very Welcome
26253,tt0469429,n/a,Her Best Move
26258,tt0905994,n/a,The Haunting Hour: Don't Think About It
26261,tt0438052,n/a,The Gene Generation
26328,tt1054675,n/a,Fanny Hill
26361,tt0804550,n/a,Walking Tall: The Payback
26367,tt0805619,n/a,Stir of Echoes: The Homecoming
26480,tt0426114,n/a,Moscow Chill
26501,tt0490527,n/a,The Thirst
26529,tt0977663,n/a,Sands Of Oblivion
26539,tt0909010,n/a,The Bad Mother's Handbook
26620,tt0918645,n/a,Left for Dead
26627,tt0468965,n/a,When a Man Falls
26645,tt0828450,n/a,Shredderman Rules
26649,tt1213856,n/a,Voices
26740,tt0484175,n/a,The Last House in the Woods
26802,tt0499260,n/a,Sybil
26862,tt1069229,n/a,St. Giuseppe Moscati: Doctor to the Poor
26921,tt1020996,n/a,Switch
26982,tt1042567,n/a,Trapped in the Closet: Chapters 13-22
26985,tt1139111,n/a,The Land Before Time XIII: The Wisdom of Friends
27021,tt0481583,n/a,Simple Things
27028,tt1002543,n/a,Santiago
27031,tt1201168,n/a,Our Town
27179,tt0997138,n/a,"The Foreign Duck, the Native Duck and God in a Coin Locker"
27342,tt1046193,n/a,Three Can Play That Game
27346,tt0796206,n/a,The Black Pimpernel
27377,tt0489279,n/a,Razortooth
27384,tt0495042,n/a,Lost Signal
27534,tt1121969,n/a,Sleeping Betty
27542,tt1118665,n/a,Franz Kafka's a Country Doctor
27553,tt2197863,n/a,Chainsaw Maid
27592,tt0887887,n/a,Frenchmen 2
27749,tt1015968,n/a,All In This Tea
27768,tt1104678,n/a,1000 Journals
27791,tt1056478,n/a,Radiopiratene
27805,tt0471359,n/a,Defenders of Riga
27912,tt1039960,n/a,Estômago: A Gastronomic Story
27934,tt0888817,n/a,Family Guy Presents: Blue Harvest
27999,tt0847833,n/a,Back Soon
28329,tt0903849,n/a,Heckler
28442,tt0914369,n/a,Freeheld
28489,tt0961206,n/a,The Legend of Bloody Jack
28507,tt0864911,n/a,Teen Spirit
28586,tt0899052,n/a,Capturing Mary
28611,tt1165293,n/a,Playing
28620,tt0949863,n/a,Autohystoria
28659,tt0881233,n/a,Darling
28746,tt0960835,n/a,Transmorphers
28953,tt0446009,n/a,The Vexxer
28955,tt0890888,n/a,Vollidiot
28965,tt0465940,n/a,Cinderella III: A Twist in Time
28986,tt1201143,n/a,Love Exposure
28990,tt1114698,n/a,Tom and Jerry: A Nutcracker Tale
28994,tt0780568,n/a,My Führer
29033,tt0466713,n/a,Kein Bund für's Leben
29109,tt1158308,n/a,Profit Motive and the Whispering Wind
29512,tt1158278,n/a,Kisaragi
29542,tt1112097,n/a,All I Want for Christmas
29551,tt0808348,n/a,Life Support
29685,tt1092053,n/a,Barbie as the Island Princess
29693,tt1007920,n/a,Barbie Fairytopia: Magic of the Rainbow
29713,tt1094584,n/a,The Comedians of Comedy: Live at The Troubadour
29746,tt1474579,n/a,The Water Front
29766,tt0939684,n/a,The Workshop
29932,tt0848552,n/a,The Mad
29934,tt0437325,n/a,The Mars Underground
30000,tt0439876,14.0,What Love Is
30011,tt0484881,n/a,Puffball
30038,tt0972546,n/a,Blackbird
30057,tt1075746,n/a,I Am Omega
30068,tt1198196,n/a,Elections Day
30117,tt0995031,n/a,Bhool Bhulaiyaa
30174,tt0889222,n/a,Sounds of Sand
30234,tt0979917,n/a,Magnus
30300,tt1037714,n/a,Comedy Central Roast of Flavor Flav
30349,tt0890879,n/a,Just Like Home
30433,tt0800205,44.0,Skills Like This
30451,tt0942378,n/a,Johnny Kapahala - Back on Board
30545,tt0892332,n/a,Noodle
30595,tt0875148,n/a,Tipping Point
30635,tt0913262,n/a,The Shadow in the North
30659,tt0811066,n/a,Shootout at Lokhandwala
30679,tt0473310,n/a,Ram Gopal Varma Ki Aag
30685,tt0991243,n/a,Yakuza: Like a Dragon
30724,tt1018790,n/a,Stripper Academy
30805,tt0900357,n/a,Boogeyman 2
30843,tt1097636,n/a,"Chill Out, Scooby-Doo!"
30883,tt1082588,n/a,Gabriel Iglesias: Hot and Fluffy
30891,tt1143143,n/a,Jeff Dunham: Spark of Insanity
30899,tt1323941,n/a,Oktapodi
30904,tt1020990,n/a,Robot Chicken: Star Wars
30921,tt0841150,n/a,Protégé
30951,tt0810990,n/a,Nos amis les Terriens
30970,tt1226251,n/a,Pokémon: The Rise of Darkrai
31007,tt1086363,n/a,Prova a volare
31010,tt1147760,n/a,Parole sante
31129,tt0858437,n/a,Ed Gein: The Butcher of Plainfield
31138,tt0961088,n/a,The Sitter
31161,tt1082863,n/a,Perfect Child
31178,tt0814365,n/a,Trigger Man
31187,tt0452644,n/a,Lucky Miles
31219,tt0877621,n/a,La France
31227,tt0495750,n/a,Sierra Leone's Refugee All Stars
31276,tt1198220,n/a,Son of a Lion
31309,tt0890885,n/a,Saturn in Opposition
31371,tt0787500,n/a,Love Comes Lately
31380,tt0826752,n/a,Strange Girls
31403,tt1087832,n/a,The Apocalypse Code
31443,tt0847759,n/a,The Border
31493,tt0961209,n/a,The Town That Was
31528,tt1065305,n/a,Lezioni di cioccolato
31581,tt1029364,n/a,Roanoke: The Lost Colony
31607,tt1160317,n/a,Death of a Ghost Hunter
31652,tt1068956,n/a,In the Name of God
31713,tt0986225,n/a,Duska
31788,tt0465316,n/a,Afro Samurai
31792,tt0458050,n/a,Paruthiveeran
31870,tt0951279,n/a,The Right Distance
31893,tt1193460,n/a,Going by the Book
31899,tt0498525,n/a,Lissi and the Wild Emperor
31901,tt0904049,n/a,Exte: Hair Extensions
31938,tt1501298,n/a,Kattradhu Thamizh
32018,tt0884335,n/a,Chrysalis
32243,tt1047474,n/a,Hellboy Animated: Iron Shoes
32298,tt0817910,n/a,Hellboy Animated: Blood and Iron
32376,tt1120889,n/a,Twelve in a Box
32418,tt0813789,n/a,Marco Polo
32443,tt0815447,n/a,Clandestinos
32448,tt0838192,n/a,Fashion Victims
32605,tt0847526,n/a,Sugarhouse
32641,tt0997274,n/a,Clannad: The Motion Picture
32794,tt1027762,n/a,Wasting Away
32851,tt1068284,n/a,Snowglobe
32853,tt0956335,n/a,Doomed
32880,tt1151319,n/a,The Key to Reserva (La clave Reserva)
32935,tt0478265,n/a,Small Town Folk
32944,tt1017465,n/a,Twitches Too
32945,tt0455537,n/a,The House of Usher
32948,tt0806136,n/a,Children of God: Lost and Found
33021,tt0796339,n/a,On Broadway
33051,tt0914813,n/a,Mega Snake
33158,tt1031294,n/a,Hush Little Baby
33263,tt0805559,n/a,Jump In!
33268,tt0977668,n/a,Too Young to Marry
33383,tt1172162,n/a,2
33405,tt0489286,n/a,Ghost Writer
33436,tt0826559,n/a,The Indian
33554,tt0422981,n/a,Dolls
33583,tt0499540,n/a,The Other
33602,tt0981293,n/a,Hotel Meina
33621,tt0843868,n/a,The Party Never Stops: Diary of a Binge Drinker
33674,tt0891520,n/a,A Slit-Mouthed Woman
33677,tt0484090,n/a,Alone
33684,tt1193490,n/a,Black House
33719,tt0969268,n/a,Voice of a Murderer
33724,tt0973847,n/a,When Night Falls
33728,tt1092287,n/a,Undercover
33737,tt0997229,n/a,Seven Days
34028,tt0977680,n/a,Sharpshooter
34029,tt0871867,n/a,Half Past Dead 2
34130,tt0974583,n/a,Lake Placid 2
34190,tt1043585,n/a,Zombies: The Beginning
34288,tt1219390,n/a,Zabardast
34339,tt1065329,n/a,Natale in crociera
34486,tt0403057,n/a,Gardener of Eden
34569,tt1065307,n/a,More of Me
34620,tt0902955,n/a,In Bar
34661,tt2042464,n/a,Bigfoot's Reflection
34739,tt1161426,n/a,Iblard Jikan
34759,tt0914372,n/a,Hallowed Ground
34778,tt1061123,n/a,Doctor Who: Voyage of the Damned
34779,tt0827573,n/a,Doctor Who: The Runaway Bride
34801,tt0826606,n/a,Police
34826,tt0880440,n/a,The Red Inn
34954,tt1093815,n/a,"Continental, a Film Without Guns"
35069,tt1075380,n/a,Rageh Inside Iran
35077,tt1155650,n/a,The Garden of Sinners - Chapter 1: Overlooking View
35078,tt1155651,n/a,The Garden of Sinners - Chapter 2: A Study in Murder (Part 1)
35119,tt0867205,n/a,Two Tigers
35173,tt0476576,n/a,The Girl on the Stone
35223,tt1147764,n/a,The Pyramid
35235,tt0840304,n/a,Ice Spiders
35300,tt0943232,n/a,Hands off Mississippi
35346,tt0788006,n/a,Assume the Position with Mr. Wuhl
35365,tt1018902,n/a,Pleasure Factory
35408,tt1097268,n/a,Very Young Girls
35411,tt1233473,n/a,Rainbow Eyes
35513,tt0795434,n/a,Namastey London
35523,tt0895777,n/a,Oh My God!
35538,tt1128079,n/a,Thou Shalt Laugh 2 - The Deuce
35558,tt1159223,n/a,Love Now
35560,tt1068643,n/a,Closed Note
35616,tt0808174,n/a,Blind
35643,tt0472477,n/a,A perfect match
35750,tt0826110,n/a,The Mystery of Sintra
35751,tt1092385,n/a,Miyori's Forest
35772,tt1107850,74.0,Unrelated
35880,tt1047481,n/a,Jasne Błękitne Okna
35885,tt1118084,n/a,All Will Be Well
35923,tt0496386,n/a,The Secret of the Magic Gourd
36062,tt1048097,n/a,Liquidation
36077,tt1064215,n/a,Strangers
36149,tt0856797,n/a,Ghost in the Shell: Stand Alone Complex - Solid State Society
36272,tt0809439,n/a,Lagerfeld Confidential
36281,tt1212007,n/a,The Dhamma Brothers
36325,tt0855761,n/a,As the Shadow
36351,tt1014691,n/a,Tutte le donne della mia vita
36415,tt1068958,n/a,Werewolf: The Devil's Hound
36430,tt0819810,n/a,Traffic Signal
36455,tt0810082,n/a,Scrambled Beer
36496,tt0990443,n/a,Used Parts
36511,tt1094162,n/a,AVH: Alien vs. Hunter
36625,tt0847510,n/a,Phantom Love
36674,tt0803052,n/a,Opium: Diary of a Madwoman
36679,tt1110059,n/a,Pop Skull
36685,tt1261422,n/a,RR
36694,tt1100908,n/a,Stages
36709,tt0991183,n/a,How to Become Myself
36731,tt0962762,n/a,Genius Party
36752,tt0971170,n/a,La León
36757,tt0486629,n/a,Molly's Way
36759,tt1120908,n/a,The Muse
36768,tt0910935,n/a,A Parting Shot
36776,tt1010455,n/a,Small Gods
36787,tt0819785,n/a,The Matrimony
36796,tt0370242,n/a,32A
36826,tt1023446,n/a,Ellen ten Damme: As I Was Wondering Where This Mixed-up Little Life of Mine Was Leading To
36833,tt1119614,n/a,Flower in the Pocket
36834,tt0997062,n/a,Parents
36905,tt1156326,n/a,The Nun
36968,tt0488798,n/a,Welcome
36969,tt0995740,n/a,No Smoking
36970,tt1099196,n/a,Dil Dosti Etc
36971,tt0823451,n/a,Dus Kahaniyaan
36972,tt0995827,n/a,The Train: Some Lines Shoulder Never Be Crossed...
36973,tt1020937,n/a,Awarapan
36974,tt0489486,n/a,"Good Boy, Bad Boy"
36975,tt1014672,n/a,Bheja Fry
36976,tt0860454,n/a,MP3: Mera Pehla Pehla Pyaar
36977,tt0995035,n/a,Dhol
37008,tt0982851,n/a,Beperkt houdbaar
37011,tt1209397,n/a,Bloody Cartoons
37065,tt1122593,n/a,Kike Like Me
37066,tt1003005,n/a,Room 205
37072,tt1043855,n/a,La maison
37076,tt0922525,n/a,Mémoire de glace
37081,tt0848596,n/a,Mutum
37151,tt0804228,n/a,The Art of Football from A to Z
37163,tt1020027,n/a,The Great Global Warming Swindle
37165,tt0870117,n/a,Hammer & Tickle
37166,tt1034311,n/a,Hata Göteborg
37184,tt1092002,n/a,Kiss Of Life
37185,tt1104080,n/a,Κλέφτες
37186,tt0965367,n/a,Alter Ego
37209,tt0970499,n/a,Der Kronzeuge
37211,tt0494969,n/a,The Last Summer
37240,tt0937381,n/a,Zadelpijn
37293,tt0924004,n/a,Prisoner/Terrorist
37299,tt0391095,n/a,Dreamland
37338,tt0959324,n/a,Max & Co
37345,tt1058078,n/a,Finale
37508,tt0794338,n/a,Sakuran
37535,tt1214961,n/a,Happy Days
37537,tt0843335,n/a,Desamuduru
37631,tt0982922,n/a,Road to Victory
37740,tt0479872,n/a,Brasilintime: Batucada com Discos
37812,tt0489793,n/a,Orange Love
37905,tt0907674,n/a,Amal
37982,tt1080585,n/a,Dangerous Days: Making Blade Runner
37985,tt1172061,n/a,Jimmy Carr: Comedian
38031,tt0439115,n/a,All The Days Before Tomorrow
38085,tt0810456,n/a,Black Sun
38155,tt0812221,n/a,Café solo o con ellas
38161,tt1025163,n/a,Atlantic Records: The House That Ahmet Built
38205,tt0772197,n/a,Reverb
38252,tt0920457,n/a,Billa
38282,tt0834939,n/a,"Palo Alto, CA"
38366,tt0843838,76.0,Anita O'Day: The Life of a Jazz Singer
38375,tt1204893,n/a,Eloquent Nude: The Love and Legacy of Edward Weston & Charis Wilson
38377,tt0810970,54.0,Everything's Cool
38393,tt1092004,55.0,Glass: A Portrait of Philip in Twelve Parts
38395,tt0495120,n/a,The Holy Modal Rounders: Bound to Lose
38416,tt1028561,n/a,"The Old, Weird America: Harry Smith's Anthology of American Folk Music"
38425,tt0949497,n/a,Prater
38484,tt0969355,n/a,A Walk Into the Sea: Danny Williams and the Warhol Factory
38532,tt1194664,n/a,Sky Of Love
38539,tt1054478,n/a,Daniel Tosh: Completely Serious
38548,tt2069719,n/a,Attack on the Pin-Up Boys
38655,tt0449671,n/a,The Living and the Dead
38751,tt1126514,n/a,Louis Theroux: Under The Knife
38752,tt1235535,n/a,Louis Theroux: Gambling in Las Vegas
38823,tt0949524,n/a,Scream of the Ants
38868,tt1586677,n/a,I-Be Area
38870,tt1409611,n/a,Visions of Frank
38875,tt1087798,n/a,Dennis
38894,tt0827735,n/a,Supergator
38901,tt0495055,n/a,War and Peace
38965,tt0970933,n/a,Film Noir
39036,tt0864331,n/a,Dead Man's Hand
39040,tt0896816,n/a,Grizzly Rage
39245,tt0831386,n/a,The Drummer
39387,tt0972555,n/a,Exhibit A
39502,tt1019402,n/a,Cartola - Música Para os Olhos
39506,tt0815250,n/a,One Day Like Rain
39532,tt1166805,n/a,"You, Me and Him"
39687,tt0905361,68.0,Protagonist
39701,tt0968743,n/a,Guys and Dolls
39749,tt1187355,n/a,VeggieTales: The Wonderful Wizard of Ha's
39810,tt0814659,n/a,Anna M.
39875,tt0839773,n/a,Daisy Diamond
39939,tt0486506,n/a,The Valley of Light
39946,tt0929864,n/a,Love's Unending Legacy
39947,tt0960143,n/a,Love's Unfolding Dream
39978,tt0912585,n/a,Ghosts of Abu Ghraib
40090,tt0809533,n/a,The 13 Roses
40108,tt0478365,n/a,How to Get Rid of the Others
40150,tt1056471,n/a,2061 - Un anno eccezionale
40198,tt1046198,n/a,I'm Staying
40204,tt0365880,n/a,Uncle P
40220,tt0979891,n/a,Hattrick
40294,tt0845448,n/a,Dhamaal
40434,tt1121971,n/a,The Star of Bethlehem
40457,tt1114718,n/a,How to Hook Up Your Home Theater
40531,tt1230552,n/a,More Things That Happened
40563,tt0934870,n/a,One Night in A City
40713,tt0808392,n/a,Neal Cassady
40729,tt1104688,n/a,Cemento Armato
40803,tt0847182,n/a,Mansfield Park
40847,tt0783475,n/a,Getting Home
40851,tt0828065,n/a,Moondance Alexander
40887,tt0986272,n/a,Validation
40889,tt0830184,n/a,Where Souls Go
40956,tt1018706,n/a,Stray Dog
40965,tt1135972,n/a,Le Grand Chef
41006,tt0460811,n/a,Elf Bowling the Movie
41008,tt0462242,n/a,The Custodian
41088,tt0466449,n/a,Island of Lost Souls
41160,tt1051907,n/a,Kabadayı
41193,tt0972882,n/a,Rebel Beat: The story of LA Rockabilly
41200,tt0814106,n/a,Flatland
41246,tt1277142,n/a,Le peuple invisible
41526,tt3367188,n/a,Absurda
41635,tt0887148,n/a,Lisa Lampanelli: Dirty Girl
41796,tt1114693,n/a,La Santa Muerte
41977,tt1101637,n/a,The Beckoning Silence
42048,tt0954327,n/a,Demetri Martin. Person.
42139,tt0907134,n/a,"Basic Sanitation, the Movie"
42202,tt0844319,n/a,Kaidan
42258,tt0970946,n/a,Mia melissa ton Avgousto
42292,tt0423783,n/a,11 Minutes Ago
42295,tt0493443,n/a,Finding Rin Tin Tin
42346,tt0942896,n/a,Stan Lee Presents: Mosiac
42349,tt0493439,n/a,On the Doll
42357,tt3210416,n/a,A Gathering of Cats
42401,tt1002459,n/a,Forbidden to Forbid
42406,tt1094278,n/a,Tricks
42419,tt1423476,n/a,Zappa Plays Zappa
42450,tt0907652,n/a,Maiko Haaaan!!!
42495,tt1417097,n/a,Boys Love Gekijouban
42530,tt0991246,n/a,Life Can Be So Wonderful
42596,tt0871020,n/a,The Cradle
42645,tt1133617,n/a,Missing
42679,tt1134826,n/a,The Girls Rebel Force of Competitive Swimmers
42703,tt0456982,n/a,Fist of the North Star: Legend of Yuria
42704,tt1135522,n/a,Fist of the North Star: Legend of Raoh - Chapter of Fierce Fight
42769,tt1073499,n/a,John Pinette: I'm Starvin'!
42790,tt1080761,n/a,NY77: The Coolest Year in Hell
42834,tt1264961,n/a,FB: Fighting Beat
42854,tt0824091,n/a,Race to Mars
42915,tt1201590,n/a,Southern Fried Bigfoot
43004,tt0844894,n/a,Species: The Awakening
43034,tt1140871,n/a,The Russian Game
43114,tt1085496,n/a,Rock Haven
43152,tt1040002,n/a,Cruelty
43213,tt0783234,n/a,The Baker
43302,tt1087873,n/a,The Ten Lives of Titanics the Cat
43366,tt0972374,n/a,Flatland: The Film
43368,tt0940502,n/a,Boat
43392,tt1107828,n/a,Королёв
43431,tt1135090,n/a,Katt Williams: American Hustle
43434,tt1047610,n/a,Doug Stanhope: No Refunds
43590,tt0482499,50.0,National Lampoon Presents Electric Apricot: Quest for Festeroo
43592,tt1040025,n/a,Night Nurses
43597,tt1297429,n/a,Fat Stupid Rabbit
43600,tt1227538,n/a,Asssscat
43605,tt1127888,n/a,Larry Flynt: The Right to Be Left Alone
43628,tt0987918,n/a,The Irony of Fate. The Sequel
43634,tt0854667,n/a,Showdown at Area 51
43749,tt5747464,n/a,World Cinema
43800,tt0804551,n/a,Walking Tall: Lone Justice
43858,tt0483776,n/a,Popcorn
43860,tt0496373,n/a,Pretty Cool Too
43874,tt0475330,n/a,Love and Mary
43883,tt1034456,n/a,Nature of the Beast
43894,tt0491211,n/a,Heavy Petting
43901,tt0928364,n/a,Heber Holiday
43909,tt0800328,n/a,The Dukes of Hazzard: The Beginning
43915,tt0490114,n/a,Dolphins
43923,tt0815170,n/a,Counting Backwards
43932,tt0481320,n/a,Blue Eyelids
43944,tt0459759,n/a,Boj S Tenyu 2: Revansh
43949,tt1821599,n/a,Семь кабинок
43956,tt1280548,n/a,Toyland
43995,tt1419113,n/a,World Builder
44002,tt0910868,n/a,Nightmare City 2035
44024,tt0814229,n/a,Nevalyashka
44046,tt1572916,n/a,My Son
44058,tt1148261,n/a,Bleach: The DiamondDust Rebellion
44087,tt1139804,n/a,Peculiarities of the National Ice Fishing
44117,tt0459924,n/a,Paragraph 78: Film One
44118,tt0854151,n/a,Kilometer Zero
44119,tt0976209,n/a,Lovey-Dovey
44134,tt0814042,n/a,Caravaggio
44138,tt1677719,n/a,Racketeer
44142,tt0478705,n/a,Michou d'Auber
44160,tt1126510,n/a,Kunskapens pris - balladen om den vilsne vandraren
44389,tt0832937,60.0,Radiant City
44438,tt0905618,n/a,Hard-Hearted
44442,tt2187177,n/a,Extraterrestrial
44465,tt0984118,n/a,Snuff 102
44483,tt1043842,n/a,Appleseed: Ex Machina
44492,tt1039902,n/a,The Life Of Buddha
44541,tt0990366,n/a,A Grande Família: O Filme
44556,tt0847830,n/a,Grow Your Own
44623,tt0478273,n/a,South Of Pico
44641,tt0809951,n/a,Empties
44841,tt0997282,n/a,Solstorm
44886,tt0814380,n/a,Notte prima degli esami - Oggi
44894,tt0460883,n/a,Night Skies
45053,tt1129418,n/a,Doctor Who: Time Crash
45111,tt0864918,n/a,Trivial
45196,tt1039915,n/a,Bill Maher: The Decider
45250,tt0479751,n/a,Sivaji: The Boss
45294,tt0425990,n/a,Les fourmis rouges
45295,tt0835834,n/a,Time to Die
45347,tt1046930,n/a,Headless Horseman
45372,tt0478737,n/a,Treasure Raiders
45395,tt0477340,n/a,Dead Daughters
45396,tt1002760,n/a,Two in One
45403,tt1047845,n/a,Travelling with Pets
45413,tt1735198,n/a,Kuka
45422,tt1110037,n/a,Antidur
45440,tt0889600,n/a,To Be Fat Like Me
